{"cameraMode":{"drawMode":0,"name":"Shaded","section":"Shading Mode"},"sceneLighting":true,"audioPlay":false,"sceneViewState":{"showFog":true,"showMaterialUpdate":false,"showSkybox":true,"showFlares":true,"showImageEffects":true,"showParticleSystems":true,"showVisualEffectGraphs":true,"m_FxEnabled":true},"in2DMode":false,"pivot":{"x":3.9714698791503908,"y":-8.951743125915528,"z":96.1070556640625},"rotation":{"x":0.10958775132894516,"y":0.005378296133130789,"z":-0.000593093573115766,"w":0.9939647912979126},"size":59.23881530761719,"orthographic":false}